adip,hacktiv8adip,adip@mail.com,jl.solo
mamor,hacktiv8mamor,mamor@mail.com,jl.kediri
ilham,hacktiv8ilham,ilham@mail.com,jl.lombok
irfan,hacktiv8irfan,irfan@mail.com,jl.cianjur
bima,hacktiv8bima,bima@mail.com,jl.tulungagung
isro,hacktiv8isro,isro@mail.com,jl.bandung
eltim,hacktiv8eltim,eltim@mail.com,jl.jakarta
felix,hacktiv8felix,felix@mail.com,jl.medan
ernest,hacktiv8ernest,ernest@mail.com,jl.jakarta
ekka,hacktiv8ekka,ekka@mail.com,jl.jakarta
ari,hacktiv8ari,ari@mail.com,jl.semarang
sigesit,hacktiv8sigesit,sigesit@oldi.com,jl.lombok
lalumaria,hacktiv8lalumaria,lalu@maria.com,jl.jakarta
thereoldi,hacktiv8thereoldi,there@oldi.com,jl.jakarta
celynalfitra,hacktiv8celynalfitra,celyn@alfitra.com,jl.jakarta
mariacelyn,hacktiv8mariacelyn,maria@celyn.com,jl.jakarta